,Mismatch,precision,recall,repaired_recall,F1
0,0.1,1.0,0.3190314358538658,0.36976858690300346,0.4837359098228664
1,0.2,1.0,0.03779904306220096,0.04420817011751539,0.07284462886122636
2,0.3,0.0,0.0,0.0,0.0
3,0.4,0.0,0.0,0.0,0.0
