,Missing,precision,recall,repaired_recall,F1
0,0.1,0.9702620967741935,0.8149872988992379,0.889967637540453,0.8858720662678324
1,0.2,0.9736842105263158,0.8033882128370318,0.8886249670097651,0.8803765198065107
2,0.3,0.9617847552158645,0.770095931194178,0.9077792942093975,0.8553320473959769
3,0.4,0.8697028310181115,0.6268694550063372,0.832099596231494,0.7285851071665318
