,Missing,Mismatched,precision,recall,repaired_recall,F1
0,0.19999999999999996,0.05,0.7334293948126801,0.2943898207056102,0.36697909156452774,0.4201403219149814
1,0.19999999999999996,0.15000000000000002,0.5619223659889094,0.09520826808643909,0.1340683572216097,0.1628280664167113
2,0.09999999999999998,0.05,0.7048816568047337,0.24612603305785125,0.26282404853833424,0.364854517611026
3,0.09999999999999998,0.15000000000000002,0.7281045751633987,0.10475832236223434,0.12667727996361156,0.18316343308122326
